iteration,mean_reward,mean_episode_length
0,-11.04,22.91
1,-10.93,28.87
2,-11.33,29.28
3,-10.15,27.24
4,-9.88,26.10
5,-8.62,23.54
6,-7.30,21.29
7,-7.50,22.68
8,-6.46,18.26
9,-6.28,16.58
10,-5.55,14.81
11,-5.15,14.78
12,-4.87,13.03
13,-4.54,12.34
14,-4.73,11.85
15,-2.29,12.63
16,-3.27,11.36
17,-2.26,13.05
18,-2.20,12.73
19,-1.27,13.66
20,-1.66,12.80
21,-0.71,15.71
22,-1.52,14.93
23,0.32,17.53
24,1.23,19.36
25,3.27,22.39
26,1.89,19.89
27,2.40,21.55
28,3.45,22.93
29,11.97,35.23
30,7.50,29.25
31,7.56,31.37
32,9.34,34.19
33,8.02,32.36
34,8.04,32.69
35,22.25,53.72
36,7.15,30.97
37,7.26,29.28
38,11.23,36.77
39,13.15,38.78
40,10.37,34.46
41,14.52,42.78
42,13.45,41.57
43,22.64,55.48
44,20.10,52.61
45,9.70,35.29
46,13.68,40.58
47,15.92,47.17
48,13.83,43.26
49,21.65,54.25
50,21.57,54.47
51,20.65,53.78
52,22.28,56.14
53,26.27,64.32
54,21.85,55.56
55,22.83,59.32
56,21.96,54.41
57,23.52,57.98
58,18.72,50.46
59,41.11,83.24
60,25.01,59.63
61,28.52,64.07
62,27.51,64.21
63,24.42,62.09
64,26.52,64.96
65,40.12,85.31
66,37.16,80.50
67,26.53,69.20
68,37.63,83.66
69,33.93,79.82
70,33.04,77.83
71,47.54,103.67
72,50.51,105.56
73,44.72,100.72
74,41.63,90.41
75,48.10,104.61
76,59.50,122.58
77,57.58,121.95
78,53.24,114.74
79,57.54,120.22
80,50.98,112.00
81,69.08,141.79
82,54.66,119.52
83,62.29,132.20
84,73.65,148.66
85,83.62,160.75
86,100.98,196.24
87,73.85,151.46
88,110.23,213.93
89,109.34,209.48
90,119.88,226.71
91,118.25,223.60
92,117.06,236.62
93,147.00,281.27
94,126.32,251.56
95,142.04,280.27
96,137.78,281.04
97,163.33,316.16
98,147.62,293.86
99,171.50,333.75
100,190.24,354.50
101,207.72,394.94
102,207.81,387.63
103,223.74,424.49
104,235.86,429.75
105,232.45,437.16
106,269.74,494.00
107,299.21,549.90
108,267.57,495.35
109,290.28,539.70
110,332.99,599.06
111,333.20,585.95
112,356.31,636.69
113,354.26,640.50
114,362.09,649.79
115,341.61,613.39
116,431.13,749.97
117,461.80,801.25
118,445.68,776.94
119,441.92,787.96
120,472.92,827.27
121,459.21,800.17
122,497.13,870.74
123,485.57,838.10
124,500.56,854.63
125,489.91,851.63
126,516.56,870.72
127,507.28,871.25
128,519.00,888.84
129,508.22,878.30
130,514.59,890.31
131,517.98,900.09
132,519.57,879.54
133,553.33,929.02
134,530.29,893.32
135,531.32,905.71
136,517.50,883.30
137,550.23,940.12
138,531.96,898.12
139,511.09,874.83
140,537.89,905.97
141,493.03,855.11
142,534.89,894.21
143,555.40,924.15
144,551.33,920.86
145,550.93,923.70
146,554.07,923.14
147,548.58,927.32
148,561.79,934.49
149,549.89,913.84
150,549.25,899.08
151,561.43,926.52
152,562.43,922.43
153,577.69,940.22
154,576.13,935.60
155,561.70,926.41
156,562.90,908.97
157,565.24,926.44
158,578.25,925.25
159,599.25,962.87
160,594.88,960.19
161,602.56,973.65
162,594.39,958.99
163,585.65,940.71
164,588.96,952.13
165,609.08,975.38
166,596.08,953.59
167,586.31,943.92
168,604.53,952.99
169,601.28,960.84
170,604.52,956.92
171,588.84,929.44
172,601.07,944.31
173,581.69,925.71
174,584.61,932.39
175,628.79,982.16
176,626.23,970.32
177,615.24,964.02
178,617.21,956.54
179,605.94,943.67
180,600.30,936.25
181,624.70,952.97
182,626.61,970.58
183,605.54,932.48
184,623.44,964.77
185,632.19,974.27
186,624.94,959.38
187,617.82,948.68
188,623.93,962.88
189,620.34,943.42
190,620.65,945.58
191,623.06,954.36
192,628.37,960.07
193,618.93,944.82
194,619.63,936.63
195,606.00,929.38
196,635.69,953.42
197,650.68,971.27
198,645.10,977.31
199,647.34,974.53
200,636.75,957.78
201,651.88,978.22
202,654.46,968.85
203,631.98,946.70
204,645.65,959.47
205,666.28,996.15
206,657.77,969.72
207,652.46,972.11
208,664.40,987.84
209,645.93,965.66
210,674.50,986.55
211,665.87,988.09
212,669.09,986.50
213,669.46,980.61
214,674.41,984.44
215,665.15,984.48
216,667.43,976.56
217,671.31,974.54
218,669.28,972.97
219,674.03,976.64
220,673.24,970.59
221,681.81,988.99
222,662.06,956.53
223,668.91,978.58
224,692.30,994.10
225,659.63,955.34
226,692.27,988.32
227,665.12,960.96
228,690.81,984.31
229,666.78,964.89
230,666.98,959.50
231,680.66,972.51
232,689.87,982.22
233,663.92,949.81
234,692.10,984.26
235,680.81,969.77
236,692.91,981.76
237,689.16,980.18
238,692.54,986.20
239,686.08,962.79
240,670.09,958.29
241,665.84,941.83
242,690.14,971.90
243,705.97,986.43
244,708.86,990.87
245,704.82,982.76
246,688.73,976.36
247,703.60,988.22
248,703.38,988.45
249,715.29,1000.00
250,689.20,968.43
251,702.79,984.50
252,715.38,990.29
253,709.70,991.13
254,707.41,985.08
255,721.14,989.13
256,711.76,990.66
257,703.70,984.23
258,705.39,971.80
259,711.09,980.33
260,706.38,976.87
261,714.95,981.70
262,713.78,990.00
263,698.32,971.62
264,703.22,971.31
265,694.45,957.23
266,708.38,972.76
267,713.60,982.19
268,731.02,994.06
269,715.28,980.34
270,705.38,969.66
271,728.88,990.77
272,718.73,984.96
273,709.14,965.15
274,721.20,979.42
275,704.26,951.76
276,727.61,993.56
277,714.02,968.11
278,710.59,959.33
279,705.48,964.60
280,708.17,968.36
281,725.32,978.06
282,726.32,981.06
283,733.10,984.14
284,697.97,949.75
285,709.43,954.48
286,728.23,973.12
287,709.29,956.73
288,708.25,960.13
289,725.13,975.77
290,722.94,964.68
291,710.77,952.97
292,733.51,978.27
293,717.97,965.18
294,737.86,981.14
295,725.28,970.59
296,741.58,991.57
297,735.79,982.24
298,723.95,968.50
299,727.92,970.32
300,734.58,989.89
301,742.83,987.99
302,730.42,970.01
303,742.89,982.40
304,728.07,968.40
305,737.29,980.31
306,737.26,984.16
307,748.09,991.92
308,719.41,951.27
309,736.80,976.28
310,744.07,986.27
311,720.08,955.58
312,735.89,971.42
313,725.32,964.92
314,730.50,972.23
315,733.51,975.31
316,726.58,960.13
317,705.99,935.87
318,735.53,967.65
319,760.40,998.05
320,717.42,950.78
321,744.86,980.19
322,750.04,982.68
323,740.21,975.36
324,739.35,979.99
325,751.16,985.68
326,747.68,996.54
327,750.68,990.85
328,754.42,990.39
329,727.70,961.06
330,740.93,976.50
331,731.41,967.82
332,751.07,991.68
333,753.90,993.25
334,757.11,1000.00
335,747.58,981.99
336,745.63,981.11
337,743.77,976.14
338,744.19,975.30
339,751.15,982.22
340,760.76,994.04
341,749.27,978.23
342,752.46,974.49
343,741.97,972.68
344,754.71,991.33
345,752.63,978.49
346,738.18,974.47
347,758.91,990.33
348,739.61,968.34
349,721.86,951.51
350,725.83,948.53
351,763.09,987.09
352,756.70,985.25
353,759.04,990.67
354,767.99,1000.00
355,764.27,992.11
356,752.24,979.36
357,748.75,981.92
358,751.11,972.52
359,760.36,986.16
360,745.34,972.32
361,752.28,980.25
362,761.36,986.25
363,756.89,979.45
364,756.79,980.49
365,749.97,971.44
366,764.49,990.25
367,766.25,992.41
368,759.06,987.05
369,758.13,985.49
370,768.96,992.53
371,763.83,982.57
372,768.80,986.24
373,759.22,980.24
374,768.72,990.71
375,743.09,966.49
376,761.70,990.44
377,767.69,992.13
378,770.16,993.27
379,766.83,988.17
380,755.73,975.15
381,759.84,972.17
382,759.53,981.48
383,768.09,986.56
384,761.73,979.06
385,778.32,1000.00
386,750.96,972.21
387,767.52,992.23
388,765.49,984.33
389,759.18,982.28
390,754.07,976.97
391,763.26,983.98
392,767.94,986.39
393,760.05,976.97
394,778.60,1000.00
395,768.63,986.19
396,759.14,970.22
397,781.39,1000.00
398,761.54,974.80
399,752.27,962.79
400,762.18,977.13
401,748.73,961.91
402,751.67,967.28
403,777.86,993.73
404,771.35,995.46
405,774.43,990.39
406,763.53,977.00
407,768.53,984.58
408,770.83,980.98
409,773.12,986.28
410,748.82,959.65
411,772.23,985.26
412,772.43,980.54
413,767.09,982.71
414,772.53,979.41
415,779.52,996.17
416,781.03,987.34
417,768.46,981.14
418,758.05,973.99
419,784.78,996.14
420,778.74,988.11
421,794.15,1000.00
422,790.58,1000.00
423,786.05,1000.00
424,789.51,1000.00
425,768.59,989.46
426,785.48,997.16
427,764.94,981.16
428,776.23,985.70
429,772.53,979.06
430,768.98,980.07
431,784.07,990.10
432,786.68,993.52
433,793.28,1000.00
434,786.53,996.17
435,783.75,986.80
436,784.72,992.09
437,780.00,982.46
438,765.80,971.98
439,780.30,986.05
440,785.11,992.14
441,778.96,978.84
442,784.87,990.71
443,791.36,992.16
444,781.15,982.28
445,780.42,980.11
446,776.96,976.27
447,773.51,970.46
448,776.12,974.53
449,777.57,984.51
450,778.58,974.67
451,783.09,982.12
452,787.64,986.86
453,786.07,993.29
454,794.33,995.67
455,790.23,991.78
456,788.96,988.64
457,801.77,1000.00
458,779.88,982.66
459,777.73,981.80
460,792.12,986.17
461,784.70,982.41
462,779.49,978.31
463,788.48,992.09
464,772.38,972.89
465,795.82,998.81
466,779.14,978.86
467,798.90,998.07
468,800.20,1000.00
469,792.68,992.03
470,790.47,992.12
471,780.24,974.64
472,798.53,1000.00
473,776.13,973.74
474,773.25,968.69
475,800.95,996.78
476,802.45,998.10
477,776.38,971.79
478,790.48,989.76
479,788.91,988.45
480,801.83,1000.00
481,791.45,994.32
482,794.41,992.93
483,799.75,996.09
484,792.44,992.16
485,776.73,963.90
486,800.23,994.11
487,800.42,992.11
488,786.79,978.29
489,773.15,962.28
490,790.71,990.33
491,794.93,988.20
492,805.15,999.36
493,792.32,996.31
494,804.36,996.31
495,788.81,988.38
496,797.22,990.18
497,790.55,987.84
498,790.25,981.32
499,811.94,999.78
